Ville,email,departement
anse bertrand,contact@ansebertrand.com,
Ville,email,departement
baie mahault,contact@baiemahault.fr,guadeloupe
Ville,email,departement
baillif,baillif.ville@wanadoo.fr,guadeloupe
Ville,email,departement
basse terre,"",guadeloupe
Ville,email,departement
bouillante,bouillante.ville@wanadoo.fr,guadeloupe
Ville,email,departement
capesterre belle eau,infos@villedecapesterre.fr,guadeloupe
Ville,email,departement
capesterre de marie galante,calixteg@wanadoo.fr,guadeloupe
Ville,email,departement
deshaies,"",guadeloupe
Ville,email,departement
gourbeyre,hello@largeoange.com,guadeloupe
Ville,email,departement
goyave,"",guadeloupe
Ville,email,departement
grand bourg,grand-bourg.ville@wanadoo.fr,guadeloupe
Ville,email,departement
la desirade,"",guadeloupe
Ville,email,departement
lamentin,accueilmairie.lamentin@mairie-lamentin971.fr,guadeloupe
Ville,email,departement
le gosier,gosier.mairie@wanadoo.fr,guadeloupe
Ville,email,departement
le moule,si.moule@wanadoo.fr,guadeloupe
Ville,email,departement
les abymes,mairie.all@ville-des-abymes.fr,guadeloupe
Ville,email,departement
morne a l eau,"",guadeloupe
Ville,email,departement
petit bourg,"",guadeloupe
Ville,email,departement
petit canal,petit-canal.ville@wanadoo.fr,guadeloupe
Ville,email,departement
pointe a pitre,direction.generale@ville-pointeapitre.fr,guadeloupe
Ville,email,departement
pointe noire,sd.pointe-noire.97116@orange.fr,guadeloupe
Ville,email,departement
port louis,mairie@ville-portlouis.fr,guadeloupe
Ville,email,departement
saint barthelemy,mairie.stbarth@wanadoo.fr,guadeloupe
Ville,email,departement
saint claude,info@saint-claude.fr,guadeloupe
Ville,email,departement
sainte anne,"",guadeloupe
Ville,email,departement
sainte rose,"",guadeloupe
Ville,email,departement
saint francois,mairie-saint-francois-guadeloupe@wanadoo.fr,guadeloupe
Ville,email,departement
saint louis,secret.maire-stlouis@wanadoo.fr,guadeloupe
Ville,email,departement
saint martin,jean.arnell@com-saint-martin.fr,guadeloupe
Ville,email,departement
terre de bas,mairie.terre.de.bas@wanadoo.fr,guadeloupe
Ville,email,departement
terre de haut,terre-de-haut@orange.fr,guadeloupe
Ville,email,departement
trois rivieres,mairie.trois.rivieres@wanadoo.fr,guadeloupe
Ville,email,departement
vieux fort,mairie@ville-vieux-fort.fr,guadeloupe
Ville,email,departement
vieux habitants,"",guadeloupe
Ville,email,departement
basse pointe,"",guadeloupe
Ville,email,departement
bellefontaine,mairie@ville-bellefontaine.fr,martinique
Ville,email,departement
case pilote,"",martinique
Ville,email,departement
ducos,mairie-ducos@wanadoo.fr,martinique
Ville,email,departement
fonds saint denis,"",martinique
Ville,email,departement
fort de france,fdf.informatique@sasi.fr,martinique
Ville,email,departement
grand riviere,grand.riviere@wanadoo.fr,martinique
Ville,email,departement
gros morne,mairie.gros.morne@wanadoo.fr,martinique
Ville,email,departement
l ajoupa bouillon,"",martinique
Ville,email,departement
la trinite,mairie@ville-trinite.mq,martinique
Ville,email,departement
le carbet,mairie-carbet@wanadoo.fr,martinique
Ville,email,departement
le diamant,"",martinique
Ville,email,departement
le francois,ville-francois@wanadoo.fr,martinique
Ville,email,departement
le lamentin,info@mairie-lelamentin.fr,martinique
Ville,email,departement
le lorrain,mairie.lorrain@wanadoo.fr,martinique
Ville,email,departement
le marigot,ville.marigot@wanadoo.fr,martinique
Ville,email,departement
le marin,"",martinique
Ville,email,departement
le morne rouge,mairie@villedumornerouge.com,martinique
Ville,email,departement
le morne vert,"",martinique
Ville,email,departement
le precheur,mairie-precheur@wanadoo.fr,martinique
Ville,email,departement
le robert,contact@ville-robert.fr,martinique
Ville,email,departement
les anses d arlet,mairie@mairie-anses-arlet.fr,martinique
Ville,email,departement
les trois ilets,secretariat@mairie-trois-ilets.fr,martinique
Ville,email,departement
le vauclin,"",martinique
Ville,email,departement
macouba,"",martinique
Ville,email,departement
riviere pilote,dgs@mairie-riviere-pilote.fr,martinique
Ville,email,departement
riviere salee,mairie-de-riviere-salee@wanadoo.fr,martinique
Ville,email,departement
sainte anne,"",martinique
Ville,email,departement
sainte luce,contact@sainte-luce-loire.com,martinique
Ville,email,departement
sainte marie,villesaintemarie@wanadoo.fr,martinique
Ville,email,departement
saint esprit,"",martinique
Ville,email,departement
saint joseph,courrier@mairie-saintjoseph.fr,martinique
Ville,email,departement
saint pierre,administrationgenerale@saintpierremaville.fr,martinique
Ville,email,departement
schoelcher,mairie.schoelcher.97233@wanadoo.fr,martinique
Ville,email,departement
bras panon,mairebraspanon@wanadoo.fr,martinique
Ville,email,departement
cilaos,contact@ville-cilaos.fr,reunion
Ville,email,departement
entre deux,mairie.entredeux@wanadoo.fr,reunion
Ville,email,departement
la plaine des palmistes,mairie.plaines-des-palmistes@wanadoo.fr,reunion
Ville,email,departement
la possession,cabinetmaire@ville-lapossession.fr,reunion
Ville,email,departement
le port,mairie@ville-port.re,reunion
Ville,email,departement
les avirons,contact@mairie-avirons.fr,reunion
Ville,email,departement
les trois bassins,"",reunion
Ville,email,departement
le tampon,courrier@mairie-tampon.fr,reunion
Ville,email,departement
l etang sale,mairie@letangsale.fr,reunion
Ville,email,departement
petite ile,mairie@petite-ile.re,reunion
Ville,email,departement
saint andre,mairie@saint-andre.re,reunion
Ville,email,departement
saint benoit,communication@ville-saintbenoit.re,reunion
Ville,email,departement
saint denis,contact@ville-saintdenis-reunion.fr,reunion
Ville,email,departement
sainte marie,infomairie@ville-saintemarie.re,reunion
Ville,email,departement
sainte rose,mairie-sainte-rose@wanadoo.fr,reunion
Ville,email,departement
sainte suzanne,"",reunion
Ville,email,departement
saint joseph,courrier@mairie-saintjoseph.fr,reunion
Ville,email,departement
saint leu,secretariat@mairie-saintleu.fr,reunion
Ville,email,departement
saint louis,secret.maire-stlouis@wanadoo.fr,reunion
Ville,email,departement
saint paul,maire@mairie-saintpaul.fr,reunion
Ville,email,departement
saint philippe,com_phil@yahoo.fr,reunion
Ville,email,departement
saint pierre,communication@mairie-saintpierre.fr,reunion
Ville,email,departement
salazie,infos@ville-salazie.fr,reunion
